"feature","p_value","q_value","method","beta","r_squared"
"AUC_.HM..DNA.repair",4.19467278328701e-06,3.59399564072031e-05,"linear_regression (continuous/count feature)",1.71850785210642,0.114882531141574
"AUC_.HM..KRAS.signaling.up",6.38762095535327e-08,9.00150268839914e-07,"linear_regression (continuous/count feature)",-1.36113612908776,0.155098164488489
"AUC_.HM..Myc.targets",3.75654455552688e-07,4.03854815697013e-06,"linear_regression (continuous/count feature)",1.38893933848133,0.138247114803799
"AUC_.IPA..TNFR1.Signaling",1.29713730815174e-05,9.58092453124494e-05,"linear_regression (continuous/count feature)",-2.37988261505396,0.103799936226251
"AUC_.TBI..Phopholipase",6.8651303695936e-11,2.53536366408095e-09,"linear_regression (continuous/count feature)",-0.998697602870959,0.217506750160414
"AUC_.TPW..Hypoxia.Adenosine.Immune.Cell.Suppression",1.23137328567523e-09,3.29700197239544e-08,"linear_regression (continuous/count feature)",-0.235835735978978,0.191664533295395
"AUC_.TPW..Immunogenic.Cell.Death..ICD.",1.83197711206525e-07,2.22959941707032e-06,"linear_regression (continuous/count feature)",-0.488035190865724,0.145109291205115
"GAS7",1.78164035875735e-08,3.40738718612343e-07,"linear_regression (continuous/count feature)",-0.0324113566584547,0.167073663813643
"WAS",5.63674820512129e-08,8.18850059254973e-07,"linear_regression (continuous/count feature)",-0.0621247874552686,0.15627737906771
"CD74",2.53185364238115e-14,1.69475953186888e-12,"linear_regression (continuous/count feature)",-0.0303782478927769,0.284417805945367
"FAS",1.6473317572504e-09,4.20069598098852e-08,"linear_regression (continuous/count feature)",-0.039133905980477,0.189017362533879
"ARID1B_x",4.2551829265257e-09,9.9850592772513e-08,"linear_regression (continuous/count feature)",0.0566503644459481,0.180332290791371
"HERPUD1",1.90982708851158e-08,3.58846458209808e-07,"linear_regression (continuous/count feature)",-0.0320617570143681,0.166425718394924
"RHOA",7.90942199904272e-06,6.09423810142069e-05,"linear_regression (continuous/count feature)",-0.0758348670494058,0.10866727288807
"PRKACA",1.53047393543534e-13,8.62703992026972e-12,"linear_regression (continuous/count feature)",-0.0625185625513338,0.269679869530333
"TFRC",1.25961889795166e-06,1.19385118558074e-05,"linear_regression (continuous/count feature)",0.0288968243756728,0.126589022107437
"FCGR2B",2.36372981177109e-22,3.12017761541537e-20,"linear_regression (continuous/count feature)",-0.0244493587606411,0.420163126807886
"PICALM",7.4533787829092e-12,3.1930274705983e-10,"linear_regression (continuous/count feature)",-0.0787427374218336,0.236867736206171
"ARHGEF10L_x",1.47059443123718e-23,2.62501105975837e-21,"linear_regression (continuous/count feature)",-0.0181426914550734,0.438247454990549
"PCM1",1.03638994422123e-06,1.00906693660085e-05,"linear_regression (continuous/count feature)",0.0687149395911576,0.128476606073544
"PTPRC",2.41732389444462e-08,4.16741194862512e-07,"linear_regression (continuous/count feature)",-0.0463683822532242,0.164224905482277
"CD209",7.3144135608185e-10,2.31113525386422e-08,"linear_regression (continuous/count feature)",-0.0143103185350611,0.196383174356109
"MSH2_x",7.0422219455963e-06,5.54574978215709e-05,"linear_regression (continuous/count feature)",0.0310357340190159,0.109807454176259
"MAP3K1",6.22311732051572e-07,6.40861408680033e-06,"linear_regression (continuous/count feature)",-0.0374298117793415,0.133397817471446
"HSP90AB1",2.22331766324464e-06,2.00098589692018e-05,"linear_regression (continuous/count feature)",0.0495180754733477,0.121073765489665
"JAK2_x",6.40217643216908e-15,4.89766497060935e-13,"linear_regression (continuous/count feature)",-0.0724791257945803,0.295488658421787
"ABL1",3.46886975671899e-08,5.46346986683241e-07,"linear_regression (continuous/count feature)",0.0594496784899964,0.160842300008952
"SMARCB1",8.43435966281545e-09,1.8435100405868e-07,"linear_regression (continuous/count feature)",0.0706681347861629,0.174020424917413
"PATZ1",3.62179579779858e-08,5.62165695571345e-07,"linear_regression (continuous/count feature)",0.0551716216961528,0.160437483010905
"CCNB1IP1",2.51642852801379e-07,2.89795156290621e-06,"linear_regression (continuous/count feature)",0.0390168491134673,0.142081147909637
"SALL4_x",2.14637640281903e-08,3.89621886003251e-07,"linear_regression (continuous/count feature)",0.0136865863436603,0.165335787524733
"PTK6",1.60159696919834e-06,1.47871582242364e-05,"linear_regression (continuous/count feature)",-0.0170537698794661,0.12426062983973
"AKT2",4.28863423672792e-09,9.9850592772513e-08,"linear_regression (continuous/count feature)",0.11525047488068,0.180260287682925
"CDK6",1.77508116034145e-08,3.40738718612343e-07,"linear_regression (continuous/count feature)",0.0269387096442198,0.167108048890822
"CPEB3",3.1866256416706e-07,3.59250111813601e-06,"linear_regression (continuous/count feature)",-0.0408695075159425,0.139823246830255
"PRPF40B",1.57902221894151e-07,1.94383080055903e-06,"linear_regression (continuous/count feature)",0.0342153042729155,0.146523771452078
"BCL7A",2.44841136311011e-08,4.16741194862512e-07,"linear_regression (continuous/count feature)",0.0253756651221582,0.164105423592764
"CHD4",2.98334984031843e-06,2.59769729998459e-05,"linear_regression (continuous/count feature)",0.0449343803902262,0.118209760926637
"TFEB",2.50650052505852e-13,1.34223103116884e-11,"linear_regression (continuous/count feature)",-0.0358358285696363,0.265588992213004
"BCL6",8.74116134663926e-10,2.53021183844612e-08,"linear_regression (continuous/count feature)",-0.0204250184162624,0.194771631140159
"MSH6",1.58235851501858e-05,0.000116075751341431,"linear_regression (continuous/count feature)",0.0380675663406371,0.101839706739908
"RPL22",8.85903540575952e-07,8.86731487810135e-06,"linear_regression (continuous/count feature)",0.044281472308968,0.129992577449335
"MYCL",6.62935688221454e-23,1.01429160297882e-20,"linear_regression (continuous/count feature)",-0.0223628599488654,0.428511640868347
"MYB_x",1.62790921234697e-08,3.28960521966718e-07,"linear_regression (continuous/count feature)",0.0308968783279253,0.167914572913263
"SGK1",8.37321672906177e-08,1.10712532306483e-06,"linear_regression (continuous/count feature)",-0.017109601111579,0.152541141354571
"CDKN1A",5.78254129664945e-06,4.80085405326478e-05,"linear_regression (continuous/count feature)",-0.0163716815626122,0.111740216611306
"BCL2L12",8.78814599577741e-06,6.62824250808282e-05,"linear_regression (continuous/count feature)",0.0583150014718442,0.107632132962277
"SMARCA4",3.77081994114858e-07,4.03854815697013e-06,"linear_regression (continuous/count feature)",0.0660682670929173,0.138210754937977
"HIP1",1.54793784046436e-06,1.44160124098898e-05,"linear_regression (continuous/count feature)",-0.0254482175198886,0.124591250214677
"DGCR8",1.87921597617043e-07,2.26139360727925e-06,"linear_regression (continuous/count feature)",0.0695520207719107,0.144866750725956
"SPECC1",3.16823017878209e-06,2.73643106570614e-05,"linear_regression (continuous/count feature)",-0.0353528215699368,0.117623324168518
"SMO",9.28064528686149e-09,1.98791422044573e-07,"linear_regression (continuous/count feature)",0.0192203829307941,0.173134966927519
"CLIP1",5.16545481002316e-11,2.04896374130919e-09,"linear_regression (continuous/count feature)",-0.0713245384299769,0.220012166535258
"RARA",6.44589043976566e-11,2.46555309321036e-09,"linear_regression (continuous/count feature)",-0.0444617834870509,0.218062368746625
"NOTCH2",3.9911984994295e-10,1.33580424777781e-08,"linear_regression (continuous/count feature)",-0.0466664947852453,0.201839854531768
"CDK4",1.11361897612444e-06,1.07449182290925e-05,"linear_regression (continuous/count feature)",0.0391190502080583,0.127781481953935
"TMEM127",1.38821201960895e-07,1.72880822441998e-06,"linear_regression (continuous/count feature)",-0.0566996674380666,0.147748238465144
"LCP1",2.07506736878456e-07,2.46933016885363e-06,"linear_regression (continuous/count feature)",-0.0488656505309879,0.143921754412816
"KLF4",1.09068193029286e-09,2.99518037780423e-08,"linear_regression (continuous/count feature)",-0.0156863579965174,0.192765853476749
"IRF4",1.25107813615794e-11,5.15347955317369e-10,"linear_regression (continuous/count feature)",-0.0224680112224652,0.23239157390357
"USP8",1.20738444101715e-07,1.53941516229687e-06,"linear_regression (continuous/count feature)",-0.0778518002244216,0.149073509096111
"COL2A1",1.25424727290185e-07,1.58035156385633e-06,"linear_regression (continuous/count feature)",0.0142157762807167,0.14871207262605
"ZFHX3",1.30681376577148e-09,3.41365254424696e-08,"linear_regression (continuous/count feature)",-0.0204244485016716,0.19112429316289
"PRCC",2.09752502366313e-06,1.92004213704548e-05,"linear_regression (continuous/count feature)",0.102453846995836,0.121640261126215
"ARHGAP26",4.62420936203226e-16,4.12710685561379e-14,"linear_regression (continuous/count feature)",-0.0455847629366248,0.316194116864991
"NONO",1.50396990209963e-06,1.41294014486729e-05,"linear_regression (continuous/count feature)",0.0729924387280332,0.124870745696394
"JAZF1",2.09053068536119e-12,9.73460158270364e-11,"linear_regression (continuous/count feature)",-0.0248144193572253,0.247751798501249
"MSI2",6.38798982032444e-06,5.14401285531389e-05,"linear_regression (continuous/count feature)",0.018064473924555,0.110764020030468
"KAT6B_x",2.46758156568434e-06,2.20231654737328e-05,"linear_regression (continuous/count feature)",0.0494594076378405,0.120059243227573
"ARHGAP35",9.28941557115585e-08,1.21328830203755e-06,"linear_regression (continuous/count feature)",0.0664850920007649,0.151558525415433
"FGFR4",1.73142667353404e-05,0.00012280516340099,"linear_regression (continuous/count feature)",0.0228050545153602,0.100950948964622
"TGFBR2",5.65778752426405e-08,8.18850059254973e-07,"linear_regression (continuous/count feature)",-0.044857838977195,0.156242268030175
"RAD21_x",1.65027881114111e-05,0.000119690348854846,"linear_regression (continuous/count feature)",0.0777257478949086,0.101424878819605
"SYK",1.65398427922663e-05,0.000119690348854846,"linear_regression (continuous/count feature)",-0.0373472415713033,0.101402738028361
"WRN",5.09089680482924e-07,5.29354415337099e-06,"linear_regression (continuous/count feature)",0.0487105664545876,0.135329563660049
"PRKCB",2.71119154486706e-06,2.38007061028903e-05,"linear_regression (continuous/count feature)",-0.0492770360118076,0.119142195112522
"B2M",6.16388728090088e-12,2.75063469910202e-10,"linear_regression (continuous/count feature)",-0.0840703976450047,0.238503385642381
"STAT6",7.74342745697978e-06,6.00957304813431e-05,"linear_regression (continuous/count feature)",-0.0403215870590572,0.10887558760023
"HOOK3",3.43915868708552e-07,3.79725665347278e-06,"linear_regression (continuous/count feature)",-0.0548120507294709,0.139092976673869
"LRP1B",4.9311270990109e-07,5.17768345396145e-06,"linear_regression (continuous/count feature)",-0.0132306874283817,0.135635988464154
"MAP2K1",3.15272444678536e-08,5.11601194319261e-07,"linear_regression (continuous/count feature)",-0.0404323274546143,0.1617384261345
"GPHN",5.17732904855951e-08,7.70127695973227e-07,"linear_regression (continuous/count feature)",0.0213087798310692,0.157078286976711
"MALT1",1.74517206127437e-08,3.40738718612343e-07,"linear_regression (continuous/count feature)",-0.0375482731731422,0.167266452741735
"MYD88",4.27662711911659e-15,3.52328280351836e-13,"linear_regression (continuous/count feature)",-0.0638518950084082,0.298706272405
"EIF1AX",3.53351330796742e-07,3.86162525799296e-06,"linear_regression (continuous/count feature)",0.0642867436720353,0.138833691230944
"RNF213",8.3898626610157e-06,6.3727254680481e-05,"linear_regression (continuous/count feature)",-0.0400738152343407,0.108087945435839
"POLE",6.55567272820051e-06,5.23964588947966e-05,"linear_regression (continuous/count feature)",0.0336474552631295,0.110509884528849
"PTPN11_x",5.56127782128098e-06,4.65322542702494e-05,"linear_regression (continuous/count feature)",0.0738171878087854,0.112122509429807
"CIITA",6.64552150298413e-08,9.12481221755898e-07,"linear_regression (continuous/count feature)",-0.0167634939962867,0.154724645252929
"IDH2_x",5.96242280445069e-06,4.9121190950513e-05,"linear_regression (continuous/count feature)",0.0457267571641909,0.111439975365161
"CREB3L2",8.07145880919007e-06,6.1746659890304e-05,"linear_regression (continuous/count feature)",0.0456078959324165,0.108468070167346
"EXT1",2.40301897501399e-07,2.79742752417389e-06,"linear_regression (continuous/count feature)",-0.0195732029086844,0.142521570820402
"CSF1R",1.04979888742697e-13,6.24630338019044e-12,"linear_regression (continuous/count feature)",-0.0241990248316462,0.272791493603375
"ZNRF3",8.98057922851832e-07,8.90574106828067e-06,"linear_regression (continuous/count feature)",0.0239847327465118,0.129860988496681
"MAML2",1.31302250036529e-08,2.7043213420985e-07,"linear_regression (continuous/count feature)",-0.0261189786175516,0.169914869792672
"AMER1",6.37503473444049e-08,9.00150268839914e-07,"linear_regression (continuous/count feature)",0.0543981361622771,0.155116773548426
"BCR",7.33693731385466e-10,2.31113525386422e-08,"linear_regression (continuous/count feature)",0.0439184419087368,0.196355392884076
"SRGAP3",1.05228366119476e-07,1.35782626643324e-06,"linear_regression (continuous/count feature)",0.0158620964333742,0.150377521322881
"MYO5A",2.13023934299308e-06,1.93346299690304e-05,"linear_regression (continuous/count feature)",-0.0425583711850297,0.121489756680908
"PDCD1LG2",2.69513289042512e-07,3.070731197495e-06,"linear_regression (continuous/count feature)",-0.019406097401929,0.141425581406229
"SIRPA",2.4903302027265e-08,4.16741194862512e-07,"linear_regression (continuous/count feature)",-0.0287137395079091,0.163946669944421
"MAFB",5.58229822000267e-17,5.43512853965715e-15,"linear_regression (continuous/count feature)",-0.017241505177986,0.332426120664314
"HLA.A",1.71704460306038e-05,0.000122596984658511,"linear_regression (continuous/count feature)",-0.0414342014829589,0.101033313992611
"FANCG",2.58266955678817e-06,2.28598272340507e-05,"linear_regression (continuous/count feature)",0.0515958216472783,0.119615314666378
"LYN",2.34703634284746e-08,4.16741194862512e-07,"linear_regression (continuous/count feature)",-0.0401965081438647,0.164500758554603
"VCAN",2.84699057558454e-27,7.6228172661276e-25,"linear_regression (continuous/count feature)",-0.0161773564045843,0.490504738203278
"DSG2",6.53155467795006e-08,9.08479877933054e-07,"linear_regression (continuous/count feature)",0.00912362802086853,0.15488790080416
"LGALS2",7.08632392110512e-36,7.58945291950358e-33,"linear_regression (continuous/count feature)",-0.0204929192611651,0.593826785490493
"MDFI",4.03919498840246e-08,6.15877389916431e-07,"linear_regression (continuous/count feature)",0.0100367844246024,0.159413239791282
"PRLR",4.6374849121739e-13,2.36511730520869e-11,"linear_regression (continuous/count feature)",-0.0126038338595452,0.260456271213617
"FN1",1.00173725763211e-09,2.82331737611575e-08,"linear_regression (continuous/count feature)",-0.0102731691715037,0.193537239512346
"CDC42BPA",4.03677192196961e-07,4.28057695884105e-06,"linear_regression (continuous/count feature)",0.0107065134712092,0.137557223595895
"PLEKHG4B",6.6608863498255e-06,5.28430317086156e-05,"linear_regression (continuous/count feature)",0.00874427678898961,0.110353699986134
"PIEZO2",3.29149747573065e-07,3.67207687136201e-06,"linear_regression (continuous/count feature)",0.00848767984010441,0.139513250390519
"SCN9A_x",1.22495486313556e-05,9.11060179457071e-05,"linear_regression (continuous/count feature)",0.00877699633586374,0.104364134203872
"CDH2",6.15782090364675e-06,5.03437113572952e-05,"linear_regression (continuous/count feature)",0.00865060474355196,0.111123858227998
"CSPG4",1.1170794299788e-05,8.36637810844264e-05,"linear_regression (continuous/count feature)",-0.00859939626701206,0.10527207664369
"DPP10",1.75644997296094e-05,0.000123760389542182,"linear_regression (continuous/count feature)",0.00741088571468735,0.100809249413754
"CD300E",8.41983791794205e-32,4.50882320505797e-29,"linear_regression (continuous/count feature)",-0.0177574190030178,0.547778215223449
"CES1",2.3529649248858e-07,2.76925871928867e-06,"linear_regression (continuous/count feature)",-0.00899015052533237,0.142722547555094
"AC104809.4",1.58808910702786e-14,1.13389562241789e-12,"linear_regression (continuous/count feature)",-0.0132531027855276,0.288191964373878
"X..Monocytes.in.PB",6.95164061781178e-07,7.09067343016801e-06,"linear_regression (continuous/count feature)",-0.00170255498350121,0.217320258363194
"X.HM..Apoptosis",1.39127729563613e-10,4.80663865685903e-09,"linear_regression (continuous/count feature)",-1.5972793656435,0.211253691393746
"X.HM..Notch.signaling",7.17552448387461e-06,5.60947935929176e-05,"linear_regression (continuous/count feature)",-0.872339463743051,0.109623408927912
"X.HM..PI3K.Akt.mTOR.signaling",8.11510608875688e-08,1.09980746546061e-06,"linear_regression (continuous/count feature)",-3.68637547487964,0.152837253462371
"X.HM..p53.pathway",4.76610996237076e-06,4.01929430684967e-05,"linear_regression (continuous/count feature)",-1.30071905413647,0.113633317944072
"X.HM..KRAS.signaling.up",7.83075906136131e-10,2.32965082075499e-08,"linear_regression (continuous/count feature)",-1.08317027274041,0.195766624253735
"X.IPA..ERK.MAPK.Signaling",7.91849089072556e-07,8.0006639094029e-06,"linear_regression (continuous/count feature)",-2.66568137044137,0.13107586584464
"X.IPA..HMGB1.Signaling",3.06297280993067e-08,5.04683673759345e-07,"linear_regression (continuous/count feature)",-1.5014148898794,0.162009098352526
"X.IPA..ErbB.Signaling",1.95201961535452e-08,3.60450518628394e-07,"linear_regression (continuous/count feature)",-2.17282080043744,0.166221842424744
"X.IPA..PI3K.AKT.Signaling",8.21518181483183e-08,1.09980746546061e-06,"linear_regression (continuous/count feature)",-2.90311362677173,0.152721350712725
"X.IPA..HER.2.Signaling.in.Breast.Cancer",1.15733676328783e-08,2.43040720290444e-07,"linear_regression (continuous/count feature)",-2.15784291041964,0.171087368966145
"X.IPA..mTOR.Signaling",2.43984137189613e-09,5.93879570295626e-08,"linear_regression (continuous/count feature)",-3.91655945839769,0.185432534974927
"X.IPA..p38.MAPK.Signaling",1.12888889328002e-06,1.07950000419902e-05,"linear_regression (continuous/count feature)",-1.80646484949434,0.127649717707022
"X.IPA..EGF.Signaling",1.010398662804e-06,9.92786209048697e-06,"linear_regression (continuous/count feature)",-2.34554368650848,0.128722155378081
"X.IPA..VEGF.Signaling",2.48206308515311e-08,4.16741194862512e-07,"linear_regression (continuous/count feature)",-2.34776296409913,0.163977768296607
"X.IPA..Estrogen.Dependent.Breast.Cancer.Signaling",6.32566728634634e-06,5.13241641187646e-05,"linear_regression (continuous/count feature)",-2.2776950280808,0.110860166020581
"X.IPA..TNFR1.Signaling",7.46637298887641e-11,2.66549515702888e-09,"linear_regression (continuous/count feature)",-1.97876637348254,0.216765911374991
"X.IPA..ErbB2.ErbB3.Signaling",4.27917194626703e-14,2.69587832614823e-12,"linear_regression (continuous/count feature)",-3.26721738530255,0.280148391788202
"X.IPA..UVC.Induced.MAPK.Signaling",1.70630593484328e-05,0.000122596984658511,"linear_regression (continuous/count feature)",-1.32463367008557,0.10109526171599
"X.IPA..UVA.Induced.MAPK.Signaling",7.76517047415109e-10,2.32965082075499e-08,"linear_regression (continuous/count feature)",-2.65425698532312,0.195842671549253
"X.IPA..ERK5.Signaling",7.10087955782515e-09,1.58438375133974e-07,"linear_regression (continuous/count feature)",-1.80915527781533,0.175612040296337
"X.TBI..Phopholipase",3.28923932521067e-08,5.25787360791139e-07,"linear_regression (continuous/count feature)",-0.808477645960727,0.161341021399969
"X.TPW..SHC1.pSTAT3.Signature",4.72250762594015e-06,4.01413148204913e-05,"linear_regression (continuous/count feature)",-0.543861130507593,0.113723252544935
"X.TPW..Hypoxia.Adenosine.Immune.Cell.Suppression",5.14053061826771e-09,1.17138474301377e-07,"linear_regression (continuous/count feature)",-0.242285619267065,0.178592700847712
"X.TPW..Immunogenic.Cell.Death..ICD.",2.62199799614737e-22,3.12017761541537e-20,"linear_regression (continuous/count feature)",-0.707852355091661,0.419476914937027
"Monocyte.like",3.4941587270389e-17,3.74224399665866e-15,"linear_regression (continuous/count feature)",-0.221480033577114,0.335972255609032
"cDC.like",1.87889832623488e-30,6.70766702465854e-28,"linear_regression (continuous/count feature)",-0.410056548770159,0.531425624384974
"M1",3.59745691514705e-25,7.70575271224498e-23,"linear_regression (continuous/count feature)",-0.384999927305977,0.461546482524261
"M16",2.26126292285577e-09,5.63212230320589e-08,"linear_regression (continuous/count feature)",-0.336798263894275,0.186127354262849
"M6",9.0965418121532e-13,4.42836194582549e-11,"linear_regression (continuous/count feature)",-0.242322429936706,0.254797296703606
"M9",4.08284730943666e-08,6.15877389916431e-07,"linear_regression (continuous/count feature)",0.285638290905624,0.15931224581648
