"Feature","Venetoclax","Selumetinib (AZD6244)","Trametinib (GSK1120212)","Rapamycin","Motesanib (AMG-706)","17-AAG (Tanespimycin)","Dasatinib","Cabozantinib","Elesclomol","Sorafenib"
"CD300E",0.0339091687398803,-0.0262406364836128,-0.0231305726145097,-0.0211307050504131,-0.00988520109081488,-0.0112511837954696,-0.0177574190030178,NA,-0.0117949328403891,NA
"cDC.like",0.64309880273242,-0.623341438888087,-0.576146022086871,-0.468174167644749,-0.230857113786466,-0.283383422670293,-0.410056548770159,NA,-0.236533876356724,NA
"VCAN",0.0322964991793627,-0.0263523998186538,-0.022140141007034,-0.0191757811088739,-0.00890086581706895,-0.0106848620521136,-0.0161773564045843,NA,-0.0109251051275058,NA
"ARHGEF10L_x",0.0332154695519322,-0.0313704154540883,-0.0277490001339202,-0.0228278987167538,-0.0100416982497999,-0.013558545946983,-0.0181426914550734,NA,-0.0103407249933105,NA
"LGALS2",0.0287713215309264,-0.0292592024417452,-0.0268346938438993,-0.0228740778746328,-0.0119168604469715,-0.0155444299752869,-0.0204929192611651,NA,-0.00980704251576959,NA
"M1",0.7793730669125,-0.695387283021033,-0.571365575986219,-0.47608321436537,-0.209855303026719,-0.276511391041148,-0.384999927305977,NA,-0.214043630258143,NA
"X.TPW..Immunogenic.Cell.Death..ICD.",1.59697264861886,-1.19295849176785,-0.989804203687859,-0.857936292114658,-0.361982648421501,-0.439953758317037,-0.707852355091661,NA,-0.49751657841051,NA
"ARHGAP26",0.0999597425668765,-0.0855947335824059,-0.0641168687291211,-0.0658839167124417,-0.0255889568306298,-0.0382793890711792,-0.0455847629366248,NA,-0.0234336594118514,NA
"CD74",NA,-0.0418950047442411,-0.0430273086994247,-0.0325054940170309,-0.0185431416756838,-0.0210903164978914,-0.0303782478927769,NA,-0.0182084660618902,NA
"CSF1R",NA,-0.0439697475985182,-0.0352827540355167,-0.0251232522375427,-0.0153500873519229,-0.0211852112522235,-0.0241990248316462,NA,-0.0141733744043406,NA
"FCGR2B",0.0343431737056295,-0.0377896093648718,-0.0333330757707165,-0.028767698085282,-0.0149287584802033,-0.0174775919443542,-0.0244493587606411,NA,-0.0134079293396744,NA
"KLF4",0.0420465075896148,-0.0302868825496661,-0.0244860172909573,-0.0215882799588667,-0.00831499821885212,-0.0114801462314154,-0.0156863579965174,NA,NA,NA
"MAFB",0.045159052892508,-0.030605540975419,-0.0234268310401697,-0.0235194237374371,-0.00839867174358428,-0.0102688248050561,-0.017241505177986,NA,-0.0125797729114523,0.00883510289730863
"Monocyte.like",0.620119252755209,-0.406603737593471,-0.322936654879774,-0.289128682494525,-0.110316079052632,-0.129002871813536,-0.221480033577114,NA,-0.19146712669615,0.149006414565925
"PRLR",0.0246214525384522,-0.0198648714038162,-0.0174159553986788,-0.016364958314375,-0.00599554540225623,-0.00898958959105287,-0.0126038338595452,NA,-0.00661745657616971,NA
"SGK1",0.0593809861688692,-0.0315817182258885,-0.0244847206002332,-0.0256096085202875,NA,NA,-0.017109601111579,NA,-0.0163442710988001,0.0142812312224164
"TFEB",0.075273332593982,-0.0669906754450533,-0.0517321580623191,-0.0476349410863378,-0.020409837557936,-0.0268945205801406,-0.0358358285696363,NA,NA,NA
"CD209",0.0273449379233502,-0.0251429680379295,-0.0222414701529232,-0.0179352028015192,-0.00747744460389111,-0.010481443120896,-0.0143103185350611,NA,NA,NA
"CDC42BPA",NA,NA,NA,NA,0.00774480353043504,0.0114337400212458,0.0107065134712092,0.0146719628888623,NA,0.014854470720147
"GAS7",0.0674566085344828,-0.0558533272142603,-0.0437197060601599,-0.0408484922804559,-0.0197495061477866,-0.026523421003499,-0.0324113566584547,NA,NA,NA
"JAK2_x",0.131405131707674,-0.133214451730777,-0.111528339156827,-0.0874827937802446,-0.0423644058907421,-0.0547821106554664,-0.0724791257945803,NA,-0.0427406688494961,NA
"M6",0.775495933810911,-0.50267318338443,-0.389862384071086,-0.333634059099174,-0.11417789259569,-0.143700636477741,-0.242322429936706,NA,-0.21861166700165,0.217730435886548
"MALT1",0.0772602602892124,-0.0554639338531857,-0.0512508987810147,-0.0501091698666894,-0.0250946025207692,-0.0233764177336712,-0.0375482731731422,NA,NA,NA
"MYCL",0.0420180119546356,-0.0390020888510553,-0.0334407672916411,-0.0269701511499002,-0.0133281907325434,-0.0161530409430521,-0.0223628599488654,NA,-0.0152859583451916,NA
"MYD88",0.137651668859045,-0.110848982761189,-0.0906415328129455,-0.0782844841748663,-0.0322957477272423,-0.0434495613935592,-0.0638518950084082,NA,-0.0410708246680587,NA
"PRKACA",0.182995345277218,-0.125277470481721,-0.0987360689811534,-0.0813172060219404,-0.029442481644861,-0.0374738032039021,-0.0625185625513338,NA,-0.0440117394640721,0.0399691444931178
"X.IPA..UVA.Induced.MAPK.Signaling",5.95001934181074,-4.45327284588787,-3.83697671491734,-3.49546307630413,-1.4485442286673,NA,-2.65425698532312,NA,NA,1.71729461886343
"AKT2",-0.237625494760995,0.206179834111452,0.171061923956783,0.132116293194484,NA,0.0691318692798934,0.11525047488068,NA,0.0855333966330458,NA
"BCR",-0.0904407725919793,0.0836452349772886,0.0630046696487808,0.0586683778440571,0.024669565403483,0.0397543237850244,0.0439184419087368,NA,NA,NA
"CLIP1",0.178491655895951,-0.117411129359202,-0.0965389614249188,-0.0969125805090433,-0.0406616045254109,-0.0498833381493959,-0.0713245384299769,NA,-0.0427727428043343,NA
"HOOK3",0.0913308495457674,-0.115112612105115,-0.0947846876679991,-0.0653147764883793,-0.0338516148368969,-0.0535928591858955,-0.0548120507294709,NA,NA,NA
"IRF4",0.0313795401349644,-0.0271489318034328,-0.0270265319422422,-0.0253796537842831,-0.0162567431621783,-0.0130045911508456,-0.0224680112224652,NA,-0.0151078002069116,NA
"M16",0.515012110450077,-0.661370511099082,-0.51201624207747,-0.437810129652435,-0.201071513267133,-0.351035215450677,-0.336798263894275,NA,NA,NA
"M9",NA,NA,NA,0.253703489306446,0.184216335347113,0.316897524251499,0.285638290905624,0.303292512255891,NA,0.316653002541382
"NOTCH2",0.109130903100736,-0.0869291219026049,-0.072152058926101,-0.0511836319073728,NA,-0.0353559081472872,-0.0466664947852453,NA,NA,NA
"RARA",0.12628967079232,-0.0813750500492238,-0.0633057265703129,-0.0626066442848105,-0.025344185803546,-0.026112663699707,-0.0444617834870509,NA,-0.0270589151025237,0.0324460013477783
"TNFRSF14",0.0775619254745044,NA,NA,-0.03038166961228,NA,NA,NA,0.0242959356034247,-0.0222536306392734,0.0356346588009058
"X.HM..KRAS.signaling.up",3.66270492753609,-1.8425054473161,-1.4845266763027,-1.41788724459517,-0.554791432218577,NA,-1.08317027274041,NA,-1.18495228802633,1.00983942766718
"X.IPA..TNFR1.Signaling",4.39778660652769,-2.31438420871332,-2.0860573861632,-2.47597979163916,-1.11818635797604,NA,-1.97876637348254,NA,-1.1923549911593,NA
"X.IPA..VEGF.Signaling",6.39908158396223,-4.90371424068857,-4.16745124905054,-2.9747035143411,-1.43363054850489,NA,-2.34776296409913,NA,-2.11483510482589,2.15652130989063
"X.TPW..Hypoxia.Adenosine.Immune.Cell.Suppression",0.694864284959768,-0.451186628374094,-0.34161326002327,-0.331467654376696,NA,NA,-0.242285619267065,NA,-0.230210098592498,0.223365431448418
"ABL1",-0.150890547989288,0.123365223269238,0.0941803089955574,0.0835170669363395,0.0326986757919077,0.0453434051852172,0.0594496784899964,NA,NA,NA
"AUC_.HM..KRAS.signaling.up",5.24875005058831,-2.08658184970349,-1.74894208248812,-2.21706833775024,NA,NA,-1.36113612908776,NA,-1.86301325532782,1.31408714959564
"AUC_.TBI..Phopholipase",2.26907584304909,-1.64200083335085,-1.37459813259543,-1.18386542388301,-0.520469291694223,NA,-0.998697602870959,NA,-1.35321974451632,0.563146054808577
"AUC_.TPW..Hypoxia.Adenosine.Immune.Cell.Suppression",0.876616709601694,-0.530632131045011,-0.433227431849746,-0.386035638191772,NA,NA,-0.235835735978978,NA,-0.398015863535046,0.164683477246084
"AUC_.TPW..Immunogenic.Cell.Death..ICD.",1.80290377299772,-0.886017641531037,-0.735603928157973,-0.918339499235612,NA,NA,-0.488035190865724,NA,-0.664562860090854,NA
"BCL6",0.0700913764623184,-0.0390569417632921,-0.0284008225973795,-0.0302096132599855,-0.0108760589394139,NA,-0.0204250184162624,NA,-0.0198916856661027,0.0188972055410331
"CCND2",NA,0.0297471863398308,NA,NA,NA,0.0169524961347699,NA,NA,NA,NA
"CDKN1A",0.0476831087641326,-0.028661383745779,-0.0207148023313367,-0.0240900755798416,NA,NA,-0.0163716815626122,NA,NA,NA
"CEACAM6",0.0231996377694835,NA,NA,NA,NA,NA,NA,0.0101084378077111,-0.008487795520074,0.0109571206123411
"CEACAM8",0.0234986850645151,NA,NA,NA,NA,NA,NA,0.00984230705727923,-0.00936193145284092,0.0113023339662331
"CES1",0.0250524959993519,-0.0168165839736697,-0.014445411893472,-0.0141440167013196,NA,-0.00804799921277064,-0.00899015052533237,NA,NA,NA
"COL2A1",-0.0344643551354088,0.0269934525608874,0.0249449340100605,0.0187383959113351,NA,0.0098043846249183,0.0142157762807167,NA,0.0126052544082329,NA
"FGD5",NA,NA,NA,NA,NA,NA,NA,0.0100389341991165,NA,0.0108166921030851
"IGKV2.23",-0.0223532141925787,NA,NA,NA,NA,NA,NA,-0.0100661353109436,NA,-0.0128024625744159
"IGSF10",-0.0133140052097644,NA,NA,NA,NA,NA,NA,-0.00793477607226501,NA,-0.00838973921124155
"IL12A.AS1",-0.0206453426677712,0.0123585622566771,NA,NA,NA,NA,NA,-0.0119671436645586,NA,-0.0133413011303138
"IL6ST",0.0743787407699755,-0.0358408618203183,-0.0291039043733236,-0.0312992581643572,NA,NA,NA,NA,NA,0.0278741646770994
"JAZF1",0.0653346967506664,-0.0467422735651848,-0.0365415076168587,-0.0353730322180445,-0.0120484545113629,-0.0167634222937929,-0.0248144193572253,NA,-0.015767729784356,0.0139994759942397
"LTF",0.021173839243163,NA,NA,NA,NA,NA,NA,0.0101832064837243,-0.00804646034598997,0.0114562891536679
"M11",-1.37979820855411,0.79139650470773,0.586399881797434,0.508343938125751,NA,NA,NA,-0.351151921161504,0.297247419684574,-0.559125403597712
"M14",0.537058635114189,-0.196038425527243,NA,NA,NA,NA,NA,0.168768129273314,-0.16831188770425,0.222659678949535
"M23",NA,-0.636287999500589,-0.487564578107514,NA,NA,-0.356000725387887,NA,NA,NA,NA
"M4",-0.766304729759992,0.526515283206339,0.374389476313539,0.395375331745383,NA,0.185072236709882,NA,NA,NA,-0.253243592096461
"MAP2K1",0.13010378025375,-0.0877001595558375,-0.0684230033324478,-0.0634771949773155,-0.0249885761479605,-0.0304741276250284,-0.0404323274546143,NA,NA,0.0335626449655496
"MAX",NA,0.10201902839945,NA,NA,NA,0.0512690763281624,NA,NA,NA,NA
"OLFM4",NA,NA,NA,NA,NA,NA,NA,0.00869844230603558,NA,0.00969090590138358
"PLAG1",0.0288252392220422,NA,NA,NA,NA,NA,NA,0.0161282372360487,NA,0.0188713945783476
"RNF213",NA,-0.0739783821233203,-0.0646347611022678,NA,-0.0261474088749909,-0.0373784648482675,-0.0400738152343407,NA,NA,NA
"SIRPA",0.0729934309033318,-0.0626587915644833,-0.0436579457265794,-0.0392772922183978,NA,-0.0246678625635339,-0.0287137395079091,NA,NA,NA
"SMO",-0.0287265870814676,0.0282849216607424,0.024442850627608,0.0248739921125683,NA,0.0163986303937536,0.0192203829307941,NA,NA,NA
"TET2_x",0.0721050047219355,NA,NA,NA,NA,NA,NA,NA,NA,NA
"WAS",0.140331284318685,-0.126695884772265,-0.102146343446669,-0.0764023188492459,NA,-0.0497239904761042,-0.0621247874552686,NA,-0.0431275936537614,NA
"X..Monocytes.in.PB",0.00408291984834933,-0.00345775774155124,-0.00259155963349778,-0.00210602822435237,NA,-0.00123880672050006,-0.00170255498350121,NA,-0.00116471535762636,NA
"X.HM..PI3K.Akt.mTOR.signaling",11.168013576028,-6.2656553027651,-5.67353161774321,-6.01826175346861,NA,NA,-3.68637547487964,NA,-2.60423032919184,NA
"X.IPA..ERK.MAPK.Signaling",7.47688912623642,-5.55837872055219,-4.60249045178801,-3.26712228572087,NA,NA,-2.66568137044137,NA,NA,NA
"X.IPA..p38.MAPK.Signaling",6.11078923042765,-3.34513201398447,-2.87992084372311,-2.36309464794009,NA,NA,-1.80646484949434,NA,-2.19492934811592,1.98703018317197
"XPC",NA,NA,NA,NA,NA,NA,NA,-0.0543276849344034,NA,-0.0663936386845373
"ZFHX3",0.0389957335349395,-0.0354274367391494,-0.0316428755165458,-0.0242355763618692,-0.0123566509143249,NA,-0.0204244485016716,NA,-0.0146809252425062,NA
"AC104809.4",0.0166846180556422,-0.0180840747948065,-0.0168773718916553,-0.0133991647214768,-0.0075750999354687,-0.00922125852375448,-0.0132531027855276,NA,-0.00719401073723519,NA
"AFF1",-0.127095169860793,0.086378985466233,0.0631717857300241,0.0583979441245134,NA,NA,NA,-0.041173633931802,NA,-0.0603057746461076
"AKT3",0.0350533531265835,NA,NA,NA,NA,NA,NA,NA,NA,0.0191214859861395
"ARHGAP5",NA,NA,NA,NA,NA,0.0120424204088191,NA,NA,NA,NA
"ARID1B_x",-0.175102088515598,0.115865021782504,0.0901149492711425,0.0828435366477707,NA,NA,0.0566503644459481,NA,0.0370608814604295,-0.0538345749577397
"ATIC",-0.136155719641731,NA,NA,0.0500867748651478,NA,NA,NA,NA,NA,-0.0449650715412429
"ATR",-0.17073644934097,NA,NA,NA,NA,NA,NA,NA,NA,-0.0846627080115916
"AUC_.HM..Angiogenesis",1.82509813108744,-0.705658879165358,NA,-0.638896034985388,NA,NA,NA,0.339269123429185,-0.575818079322098,0.558501749782013
"AUC_.HM..DNA.repair",-8.60489857689413,3.12732703408335,2.36569810938751,2.95874556296186,NA,NA,1.71850785210642,NA,1.61442922087064,-1.992665777118
"AUC_.HM..Epithelial.mesenchymal.transition",3.5818150309444,NA,NA,NA,NA,NA,NA,0.618016584457377,-1.21416262525273,0.9666760199242
"AUC_.HM..Hypoxia",5.66002141972672,NA,NA,-1.76988892515427,NA,NA,NA,NA,NA,1.29420137424036
"AUC_.HM..Myc.targets",-6.06994985327007,2.78630044653785,2.08097686312038,2.27034872239116,NA,NA,1.38893933848133,NA,1.20723829487712,-1.41522908979415
"AUC_.HM..Oxidative.phosphorylation",NA,NA,NA,NA,NA,NA,NA,NA,2.00737418089436,-2.00514155828394
"AUC_.HM..UV.response.down",3.66900136698,NA,NA,NA,NA,NA,NA,NA,NA,1.34011607127949
"AUC_.IPA..Telomere.Extension.by.Telomerase",-9.10881257282525,2.7884836854224,1.95906727048984,2.13284221410478,NA,NA,NA,NA,1.6088439144064,-2.11220385477289
"AUC_.IPA..TNFR1.Signaling",6.49746323063245,NA,NA,-3.37148267205326,NA,NA,-2.37988261505396,NA,NA,NA
"AUC_.TPW..SHC1.pSTAT3.Signature",2.7330131033016,-1.14080491129436,NA,-1.01159951192919,NA,NA,NA,NA,-0.741564397378794,0.796412506832092
"B2M",0.150621375626258,-0.117613802568419,-0.1109715556586,-0.0988116326942675,-0.0409898883636452,-0.0489101134929525,-0.0840703976450047,NA,-0.0562585958720398,NA
"BAP1",NA,0.164292237975497,0.11959398963419,NA,NA,NA,NA,NA,NA,NA
"BCL7A",-0.0698955625135882,0.0507835599094261,0.042573295851408,0.0337118447333223,NA,0.0174366722480366,0.0253756651221582,NA,0.0173150037698005,NA
"CASP3",-0.0703908730245589,0.0464507025533581,0.03730997513798,0.0287982708965033,NA,NA,NA,NA,NA,NA
"CCNB1IP1",-0.104396425794763,0.0861209170583531,0.0661269855062519,0.0531713741300417,NA,0.0300893738439257,0.0390168491134673,NA,NA,NA
"CD177",NA,NA,NA,NA,NA,NA,NA,0.0076875525812168,NA,0.00913847383365447
"CDK6",-0.0957038005158667,0.0498820963840666,0.038983784522884,0.0376851220654827,NA,NA,0.0269387096442198,NA,0.0193214053815875,-0.0233654092271455
"CEP89",-0.118157389389286,NA,NA,NA,NA,NA,NA,NA,NA,-0.0548655701230755
"CIITA",NA,-0.0267882628135858,-0.0264251075895863,-0.0170082857306111,-0.0101051220089631,-0.0114559814969987,-0.0167634939962867,NA,NA,NA
"CPEB3",0.125075206154151,-0.0897532287407397,-0.0707251868192811,-0.0603103351536957,NA,NA,-0.0408695075159425,NA,NA,0.0302649442906072
"CRISP3",NA,NA,NA,NA,NA,NA,NA,0.00826305719280536,NA,0.00916703480107058
"CRTC1",-0.12657082838382,NA,NA,0.0614183772866521,NA,NA,NA,NA,NA,-0.0539273583728711
"CSPG4",NA,-0.0115130779063139,-0.0120682873804837,NA,-0.0060367453215848,-0.00883661029106536,-0.00859939626701206,NA,NA,NA
"CUX1",-0.132004429554253,0.0967606186992132,NA,NA,NA,NA,NA,NA,NA,-0.0561166072915586
"CYP2C8",-0.0442897314455893,NA,NA,NA,NA,NA,NA,NA,NA,-0.0188318749155631
"CYSLTR2",NA,NA,NA,NA,NA,NA,NA,-0.0223484844598302,NA,-0.0247300188072965
"DDIT4L",NA,NA,NA,NA,0.00606224982368157,0.00836755452099459,NA,0.0140383893970298,NA,0.0145731432926634
"DROSHA",-0.173307933023788,NA,NA,NA,NA,NA,NA,NA,NA,-0.0623229348496754
"EIF4A2",-0.123949166578165,NA,NA,NA,NA,NA,NA,NA,NA,-0.0591574940944733
"ERCC3",-0.220749736963153,0.165907565789047,0.113522296292808,NA,NA,NA,NA,NA,NA,-0.0877416542327739
"EXT1",0.0625003249300515,-0.0392596123451613,-0.0321557472194813,-0.027635402752888,NA,NA,-0.0195732029086844,NA,NA,0.0146945500302
"FANCF",-0.128543602299251,NA,NA,NA,NA,NA,NA,NA,NA,-0.0428178786942171
"FLT3_x",-0.0388585815112153,NA,NA,NA,NA,NA,NA,-0.0177871353263901,NA,-0.021402065370993
"FN1",0.0256482577855792,-0.0183084201268867,-0.0143120557842477,-0.0127899362476011,NA,NA,-0.0102731691715037,NA,NA,0.00647081376543895
"FSTL3",0.0682183045129377,NA,NA,NA,NA,NA,NA,0.0243117287785624,-0.0204610758763742,0.0294540173834339
"FUBP1",-0.143432917346419,0.121681660467946,0.0808895637660842,NA,NA,NA,NA,NA,NA,NA
"GATA2_x",-0.023276736599513,0.0196215201672405,0.013745638378785,0.0125234806993571,NA,NA,NA,NA,NA,NA
"GJA1",NA,NA,NA,NA,NA,NA,NA,0.00862370830759746,NA,0.00923493599253672
"GNAS_x",-0.181915154359403,0.125592398125422,0.0849418301741513,0.0659219649312431,NA,NA,NA,NA,NA,-0.0543223050457509
"HERPUD1",0.0978979844120312,-0.0420485148574883,-0.0385398331901089,-0.0492672293559232,NA,NA,-0.0320617570143681,NA,-0.0244675906282146,NA
"HSP90AB1",-0.182048011987462,0.101132789541775,0.0753089085210298,0.0847584406736193,NA,NA,0.0495180754733477,NA,0.0423246802268847,-0.056488476914779
"IRX5",-0.0182850979547917,0.0147781235736334,0.012506670176616,0.00904756552337973,NA,NA,NA,-0.00746280886265028,0.00782283071746561,-0.00918832920811122
"KAT6A",NA,NA,NA,NA,NA,0.0603482589347408,NA,NA,NA,0.0525469540872103
"KAT6B_x",-0.137377535856211,0.117070335087551,0.0872340085336561,0.0694156583836305,NA,0.0477830465700382,0.0494594076378405,NA,NA,NA
"KDM6A",NA,NA,NA,NA,NA,NA,NA,NA,NA,NA
"LCN2",0.022180290498098,NA,NA,NA,NA,NA,NA,0.0103593470484814,-0.00843427267992488,0.0122427934204585
"LCP1",0.125161946104823,-0.0997641592899186,-0.0815721649342712,-0.0618450051904194,NA,-0.0398960804335433,-0.0488656505309879,NA,NA,NA
"LYN",0.116004053236612,-0.0693259345757609,-0.0583069047655521,-0.0478250557465515,NA,NA,-0.0401965081438647,NA,NA,0.0306904488262997
"LZTR1",-0.101243923833511,NA,NA,NA,NA,NA,NA,-0.0576879423429112,NA,-0.0710159428471082
"M0",2.73886377363937,NA,NA,NA,NA,NA,NA,1.03100648869902,NA,1.42383576978133
"M21",-0.900418464158436,NA,NA,NA,NA,NA,NA,NA,NA,-0.336809781051981
"MAML2",0.0631835074853359,-0.0413758088119541,-0.0356849128972503,-0.0295545653214578,-0.0149699958194177,NA,-0.0261189786175516,NA,-0.0281476376402595,NA
"MEN1",-0.134396320113507,NA,NA,0.0507427407782846,NA,NA,NA,NA,NA,-0.0416754537381528
"MLLT11",-0.0587653846548182,0.0427554766022244,0.0313844710982357,0.0276828580333025,NA,NA,NA,NA,NA,-0.0218421169918384
"MMP2",NA,NA,NA,NA,NA,NA,NA,-0.00919378823401023,NA,-0.0103196545455043
"MMP8",0.0248160942271599,NA,NA,NA,NA,NA,NA,0.00798953587836419,-0.00955132405814062,0.0101691480897174
"MSI2",-0.0590443161018587,0.0451754625196082,0.0321849873445226,0.0279038293520836,NA,NA,0.018064473924555,NA,NA,-0.0219641763302885
"MYO5A",0.118047474125223,-0.073750977514547,-0.0613863606744165,-0.0561057314364501,NA,NA,-0.0425583711850297,NA,NA,NA
"NCOA2",0.156809753411735,NA,NA,NA,NA,NA,NA,0.0521133415779474,NA,0.0768863794727935
"NONO",-0.244478218508241,0.174744107970436,0.127871594342537,0.117969925686711,NA,0.0587827049085321,0.0729924387280332,NA,NA,-0.0705392363862501
"PATZ1",-0.185674664874359,0.107334210270744,0.0849471125454234,0.0786209958334074,NA,0.0363061588628748,0.0551716216961528,NA,0.0400970963877523,-0.0415238170147841
"PBRM1",-0.163096284536368,NA,NA,NA,NA,NA,NA,-0.0525241703876192,NA,-0.0808396174109463
"PBX1",NA,NA,NA,NA,NA,NA,NA,0.0116884548043226,NA,0.0123510585829129
"PICALM",0.175793906279034,-0.135537361218864,-0.116705671323292,-0.094270807019632,-0.0402678757553119,-0.0478759550490167,-0.0787427374218336,NA,-0.0572689822642627,NA
"PMS1",-0.0850415510304097,NA,NA,NA,NA,NA,NA,NA,NA,-0.0336896444159142
"POLR2A",-0.167996760436583,0.125303163730407,0.101587869898953,0.0668502944646512,NA,NA,NA,NA,0.0472631970436779,-0.057336916577759
"PTK6",0.0340453730438034,-0.0306575365350125,-0.0247717675751695,-0.0227664018232892,NA,-0.0190903351865458,-0.0170537698794661,NA,NA,NA
"PTPRC",0.0851802735535614,-0.0784761275696091,-0.0631637346578441,-0.0490500055668645,NA,-0.0387642203515435,-0.0463683822532242,NA,NA,NA
"RAD17",-0.245876596966167,NA,NA,NA,NA,NA,NA,NA,NA,-0.0919516689047805
"RP11.388P9.2",NA,NA,NA,NA,NA,NA,NA,-0.00922062224849411,NA,-0.00933209547436625
"RPL22",-0.12561429454139,0.0974528751615176,0.0737197309068933,0.059833309944211,NA,NA,0.044281472308968,NA,NA,NA
"SFPQ",-0.110296008045716,0.0977714254221236,0.0690807658172609,NA,NA,NA,NA,NA,NA,-0.0378053665906163
"SFRP4",-0.0362652101377548,0.0303904003115099,0.0224016219212098,0.0182252776545469,NA,NA,NA,NA,0.0116436627751964,-0.013828430293873
"SLC45A3",-0.031068960505932,NA,NA,NA,NA,NA,NA,NA,NA,-0.0165715715393172
"SMARCB1",-0.186751492480192,0.135873396262044,0.104761225749229,0.103446242056771,NA,0.0571274379008792,0.0706681347861629,NA,0.0497214597198438,NA
"SMARCD1",-0.129148996024529,0.136182810128942,0.0989054815433417,0.0763360754525517,NA,0.0521652695388141,NA,NA,NA,NA
"SNCAIP_x",NA,0.0120598347523618,0.0104559587653953,0.00870701394386196,NA,NA,NA,NA,NA,-0.00676887250865787
"SND1",-0.125732109789842,0.0825749898266811,NA,NA,NA,NA,NA,NA,NA,-0.0484928134693233
"SPECC1",NA,-0.0615336327831121,-0.0512995729489428,NA,NA,-0.0405845994831438,-0.0353528215699368,NA,NA,NA
"STAT6",NA,-0.0710568737924514,-0.0604399026600487,NA,NA,-0.0478321781871492,-0.0403215870590572,-0.0376039776732366,NA,-0.0384369288906396
"TCF3",-0.157908439527013,0.0839873190940847,0.0627308316899418,0.0604790993341928,NA,NA,NA,NA,NA,-0.0429471995755106
"TFRC",-0.049952948504158,0.0611508148343911,0.0519591665161992,0.0315708784969187,0.0182457738454955,0.0244378595402706,0.0288968243756728,NA,NA,NA
"TMSB4X",0.144274863486768,-0.082351427795439,-0.0554254306494606,-0.0531530277763377,NA,NA,NA,NA,NA,0.0541887345883966
"Tsne1",0.00490392850902754,-0.00350292699009341,-0.00248861452622586,-0.00207385312687886,NA,NA,NA,0.00143609405893829,NA,0.0021891635396062
"UBR5_x",-0.175629628266793,0.158047341594094,0.118013698543025,0.0981058690384251,NA,NA,NA,NA,NA,NA
"WRN",-0.105125580739541,0.100892271559088,0.0845643466910504,0.0582410792203924,NA,0.0420566257179509,0.0487105664545876,NA,NA,NA
"X.HM..Angiogenesis",1.66501195220292,-0.761829947477507,-0.52210176959529,-0.490450436481959,NA,NA,NA,0.364961262107381,-0.481578210856338,0.614737103778234
"X.HM..Epithelial.mesenchymal.transition",2.7959452957026,-1.11638830797428,NA,NA,NA,NA,NA,NA,NA,1.06968967379758
"X.HM..Estrogen.response",4.1021212621758,NA,NA,NA,NA,NA,NA,1.30407696790138,NA,1.84984259394184
"X.HM..Hypoxia",4.20953808938619,-1.68243389464412,NA,-1.49203994364945,NA,NA,NA,NA,-0.865919029496882,1.23622403243597
"X.HM..UV.response.down",4.06184272231582,NA,NA,NA,NA,NA,NA,NA,NA,1.63810117037205
"X.IPA..ErbB.Signaling",6.2465344467983,-4.00234524703205,-3.22920987914825,-3.11103799543831,-1.24780090027762,NA,-2.17282080043744,NA,-1.6390491564588,1.81517184322813
"X.IPA..ErbB2.ErbB3.Signaling",7.10902112372467,-5.38733964986489,-4.53712423919804,-3.88415331449836,-1.75600649138194,-1.82714252969745,-3.26721738530255,NA,-2.13046173550609,NA
"X.IPA..HMGB1.Signaling",5.18890472245637,-2.52842730098831,-1.98898398638664,-2.22335259116908,NA,NA,-1.5014148898794,NA,-1.20944146678323,1.49545068091978
"X.IPA..PI3K.AKT.Signaling",10.0089699130346,-5.5509485674356,-4.08280533692582,-4.42842749338368,NA,NA,-2.90311362677173,NA,-2.32270709172305,2.88789273264134
"X.IPA..PTEN.Signaling",5.32032542760402,-3.03510028152913,-2.14617002874266,-2.19555399064647,NA,NA,NA,NA,NA,2.21896641473047
"X.IPA..Telomere.Extension.by.Telomerase",-7.34145326002921,2.93315947891951,NA,2.13619988480156,NA,NA,NA,NA,NA,-2.6468512685475
"X.IPA..UVC.Induced.MAPK.Signaling",4.5984155935332,-2.66745194763743,-2.26787392864059,-1.87706930134901,NA,NA,-1.32463367008557,NA,NA,1.53003917343227
"X.TBI..Phopholipase",2.68157818724824,-1.73333404138069,-1.35458861781173,-1.24208078958287,NA,NA,-0.808477645960727,NA,-0.807184432176377,0.954121707576978
"X.TPW..SHC1.pSTAT3.Signature",2.24805671571376,-0.983416572090524,-0.735789955235151,-0.85017691329798,NA,NA,-0.543861130507593,NA,-0.563277586178257,0.662933341126782
"YWHAE",-0.1339960117242,NA,NA,NA,NA,NA,NA,NA,NA,-0.0624504768137587
"ABL2",-0.122326782718786,0.0886566283881128,0.064753528518149,0.0604909574678229,NA,NA,NA,NA,NA,NA
"AC004791.2",NA,NA,NA,NA,NA,NA,NA,NA,NA,NA
"ACSL3",0.138262743677061,NA,NA,NA,NA,NA,NA,NA,NA,NA
"ACVR1B",0.0566268209055517,NA,NA,NA,NA,NA,NA,NA,NA,0.0216643379202037
"ACVR2A",0.0510370966072643,NA,NA,NA,NA,NA,NA,NA,NA,0.0166088920872343
"AKAP9",-0.144595588213225,NA,NA,NA,NA,NA,NA,NA,NA,-0.0593545715521873
"AKT1",-0.1585523742944,NA,NA,NA,NA,NA,NA,-0.0655695209831303,0.0603848805663472,-0.0928771644246563
"ALDH2",NA,NA,NA,NA,NA,NA,NA,NA,NA,NA
"AMER1",-0.153632046201028,0.0944359361431061,0.078616883333269,0.0688355734181765,0.0300158319258674,NA,0.0543981361622771,NA,0.0478357505333158,-0.0396800656139587
"APC",0.13286288795872,NA,NA,NA,NA,NA,NA,NA,NA,NA
"APOBEC3B",0.0407676699257835,NA,NA,NA,NA,NA,NA,NA,NA,NA
"ARHGAP35",NA,NA,NA,0.0787596782990126,0.0429041130187846,NA,0.0664850920007649,NA,NA,NA
"ARHGEF12",NA,NA,NA,NA,NA,NA,NA,NA,NA,NA
"ARID1A",-0.173116241170763,NA,0.0819992696015209,NA,NA,NA,NA,NA,NA,NA
"ATRX",-0.131526737184574,NA,NA,NA,NA,NA,NA,NA,NA,NA
"AUC_.HM..Apoptosis",4.88661315078787,-2.35174792448041,-2.03285571427779,-2.12898198760134,NA,NA,NA,NA,-1.42227065759734,NA
"AUC_.HM..Estrogen.response",NA,NA,NA,NA,NA,NA,NA,NA,NA,2.081746582621
"AUC_.HM..Glycolysis",3.32597674451912,NA,NA,NA,NA,-1.75365439955549,NA,NA,NA,NA
"AUC_.HM..Hedgehog.signaling",NA,NA,NA,NA,NA,NA,NA,NA,NA,0.658520677588861
"AUC_.HM..KRAS.signaling.down",NA,NA,NA,NA,NA,NA,NA,NA,NA,NA
"AUC_.HM..Notch.signaling",2.71446175010831,-1.35781349428883,-0.8735733051927,-1.02213565282225,NA,NA,NA,NA,NA,0.624896715456143
"AUC_.HM..p53.pathway",5.1251943429016,NA,NA,-1.88406088966886,NA,NA,NA,NA,NA,NA
"AUC_.HM..TGF.beta.signaling",2.92197707607026,NA,NA,NA,NA,NA,NA,NA,NA,1.10943823594351
"AUC_.HM..UV.response.up",6.22466088431956,NA,NA,NA,NA,NA,NA,NA,NA,NA
"AUC_.IPA..ERK5.Signaling",2.83591588523145,NA,NA,NA,NA,NA,NA,NA,-1.06630191068518,NA
"AUC_.IPA..HER.2.Signaling.in.Breast.Cancer",2.5371978052083,NA,NA,NA,NA,NA,NA,NA,NA,1.21101048897958
"AUC_.IPA..HMGB1.Signaling",4.64429786044111,NA,NA,-1.95530664438336,NA,NA,NA,NA,-1.27920065583456,1.53523573219857
"AUC_.IPA..Myc.Mediated.Apoptosis.Signaling",2.42591373534026,NA,NA,NA,NA,NA,NA,NA,NA,1.38562176363315
"AUC_.IPA..p38.MAPK.Signaling",4.7461536895054,NA,NA,-1.92487725011388,NA,NA,NA,NA,-1.87356203939745,2.04142487766755
"AUC_.IPA..PI3K.AKT.Signaling",6.59551272942061,NA,NA,NA,NA,NA,NA,NA,NA,2.40899963396992
"AUC_.IPA..PTEN.Signaling",2.60726032296059,NA,NA,NA,NA,NA,NA,NA,NA,1.29344539640821
"AUC_.IPA..UVA.Induced.MAPK.Signaling",4.16657195578827,NA,NA,NA,NA,NA,NA,NA,-1.90204086374385,NA
"AUC_.IPA..UVC.Induced.MAPK.Signaling",2.52804386359455,NA,NA,NA,NA,NA,NA,NA,NA,NA
"AUC_.IPA..VEGF.Signaling",4.16872750693716,-2.20933793535263,-1.65591775835718,-2.0374526513986,NA,NA,NA,NA,-1.49868002574777,1.49553097140563
"AUC_.TPW..PI3Kgamma.Signature",NA,NA,NA,NA,NA,NA,NA,NA,NA,NA
"BARD1",NA,NA,NA,NA,NA,NA,NA,NA,NA,0.0356554520891516
"BCL10",0.0949081493410273,NA,NA,-0.0460910950801129,NA,NA,NA,NA,NA,NA
"BCL11A",-0.0663372584806768,0.0448882958449614,0.0336812917270122,0.0367720929628317,NA,NA,NA,NA,NA,NA
"BCL2",-0.0998473903999683,0.0444000699293749,0.0317434381271384,0.0343209261869105,NA,NA,NA,NA,NA,-0.0231825801792094
"BCL3",0.0564127575987929,NA,NA,-0.0233610693512786,NA,NA,NA,NA,NA,NA
"BCL9",NA,NA,NA,NA,NA,NA,NA,NA,NA,NA
"BEX1",NA,NA,NA,NA,NA,NA,NA,NA,NA,NA
"BIRC3",0.0444570305365801,NA,NA,-0.0270122964041076,NA,NA,NA,NA,NA,NA
"BIRC6",-0.24433671481087,0.126606805726905,0.106560013444811,0.10026023487817,NA,NA,NA,NA,NA,NA
"BRD3",-0.159460058029688,NA,NA,0.0648713676048302,NA,NA,NA,NA,NA,NA
"BTG1",0.0538947346277747,NA,NA,NA,NA,NA,NA,NA,NA,NA
"BTK",NA,NA,NA,NA,NA,NA,NA,NA,NA,-0.0372639167975719
"CALR_x",-0.0776308872248249,NA,NA,NA,NA,NA,NA,NA,NA,NA
"CANT1",0.114350602114422,NA,NA,NA,NA,NA,NA,NA,NA,0.0536170740486068
"CASC10",-0.0213509251644024,NA,NA,NA,NA,NA,NA,-0.00769098833388306,0.00894304013835137,-0.00978174694332715
"CBFA2T3",-0.0799278272126626,0.0402869409427727,NA,0.0366643991121128,NA,NA,NA,NA,NA,NA
"CCL2",0.0214683332815235,NA,NA,NA,NA,NA,NA,NA,NA,0.0116174575672674
"CCND3_x",0.0867483034589455,NA,NA,NA,NA,NA,NA,NA,NA,NA
"CD28",NA,NA,NA,NA,NA,NA,NA,NA,NA,NA
"CDC73",0.199329978143492,NA,NA,NA,NA,NA,NA,NA,NA,0.0892063421603174
"CDK4",-0.0991406915621988,0.0494078944107215,NA,0.0579047158490443,NA,NA,0.0391190502080583,NA,NA,NA
"CDX2",-0.046363988559059,NA,NA,NA,NA,NA,NA,-0.0147884375339357,NA,-0.0185286947136931
"CHD4",-0.165292134451106,0.0862433867675703,0.0694344767510978,0.0788286662722433,NA,NA,0.0449343803902262,NA,NA,-0.0502900685879843
"CHST11",NA,NA,NA,NA,NA,NA,NA,NA,NA,NA
"CLP1",NA,NA,NA,NA,NA,NA,NA,NA,NA,NA
"CLTCL1_x",0.0225532036824515,NA,NA,NA,NA,NA,NA,0.0105394490432313,NA,0.011300361446827
"CNTRL",-0.110655814461331,NA,NA,NA,NA,NA,NA,NA,NA,-0.042927425748449
"CREB3L2",-0.127649749658009,0.0928636579144002,0.0703752870782337,0.0618907793364948,NA,NA,0.0456078959324165,NA,NA,-0.0413686435518401
"CREBBP_x",0.130623793708972,NA,NA,NA,NA,NA,NA,NA,NA,0.0823759945766787
"CRTC3",NA,NA,NA,NA,NA,NA,NA,NA,NA,NA
"CSF3R_x",0.0553238802132216,-0.0376119582633434,NA,NA,NA,NA,NA,NA,-0.0207893350213112,0.0223866897571949
"CTCF_x",-0.195310332721419,NA,NA,0.0755385731744191,NA,NA,NA,NA,NA,NA
"CXCR4",NA,NA,NA,NA,NA,NA,NA,NA,NA,NA
"CYYR1",NA,NA,NA,NA,NA,0.00865716777977817,NA,0.0116858614122885,NA,0.0118924954426904
"DAXX",NA,NA,NA,NA,NA,NA,NA,NA,NA,NA
"DCTN1",-0.152274905743514,NA,NA,0.1022759822991,NA,NA,NA,NA,0.0636300691477342,NA
"DDR2",NA,0.0346286593220096,0.0304636588236406,NA,NA,NA,NA,NA,NA,NA
"DDX10",-0.162620294449897,NA,NA,0.0629582594112451,NA,NA,NA,NA,0.0368807975254308,-0.0513608752521242
"DEFA1",0.0154192267513175,NA,NA,NA,NA,NA,NA,NA,-0.00657178800492841,NA
"DEFA1B",NA,NA,NA,NA,NA,NA,NA,NA,-0.00652464065019114,NA
"DEFA3",0.015574538212374,NA,NA,NA,NA,NA,NA,NA,NA,0.00678782405131237
"DEFA4",0.0186387396304002,NA,NA,NA,NA,NA,NA,NA,NA,0.00787433622881048
"DGCR8",-0.173789169019801,0.0977371942429289,0.0864787510121755,0.0870323225163571,NA,NA,0.0695520207719107,NA,NA,NA
"DNMT3A_x",-0.12180576211739,0.0715355435385432,0.0569329057848983,0.0607514656388699,NA,0.0316960977045667,NA,NA,NA,NA
"DPP10",NA,0.0126159923544811,0.0106494812524436,0.0104441895446594,NA,NA,0.00741088571468735,NA,NA,NA
"DSG2",NA,NA,0.0102829446620057,0.00863176144236208,0.00506835002320322,0.00878247014001555,0.00912362802086853,0.00648527341105963,NA,0.00736528432118225
"EED_x",NA,NA,NA,NA,NA,NA,NA,NA,NA,NA
"EIF3E",-0.109330895719548,0.0676735793041098,NA,NA,NA,NA,NA,NA,NA,NA
"ELL",0.0994534500961743,NA,NA,NA,NA,NA,NA,NA,NA,0.0387107063079084
"EML4",0.101724265650614,NA,NA,NA,NA,NA,NA,NA,NA,0.039159083976298
"EP300_x",NA,NA,NA,NA,NA,NA,NA,NA,NA,NA
"EPAS1",NA,NA,NA,NA,NA,NA,NA,NA,NA,NA
"EPS15",NA,NA,NA,NA,NA,NA,NA,NA,NA,NA
"ERBB2",-0.0897130357385259,0.0553891142454035,0.0373117253884848,0.0440917779246787,NA,NA,NA,NA,NA,-0.0252870235070362
"ERCC2",-0.152236016164242,NA,NA,NA,NA,NA,NA,NA,0.0550496579619929,-0.0535029664222625
"ETNK1",NA,NA,NA,NA,NA,NA,NA,NA,NA,NA
"ETV6_x",-0.0969581124487897,0.0554508421524163,NA,NA,NA,NA,NA,NA,NA,-0.0341324471875163
"EWSR1",-0.154509310653808,0.124467216781311,0.0821542779398704,NA,NA,NA,NA,NA,NA,NA
"EXT2",NA,NA,NA,NA,NA,NA,NA,NA,NA,NA
"FAS",0.0955381266568399,-0.0576112910917081,-0.0524627128765294,-0.0493102036639841,-0.0214657512595217,-0.0261356230412961,-0.039133905980477,NA,-0.0283650411088569,NA
"FAT4",NA,NA,NA,NA,NA,0.0141116391414068,NA,NA,NA,NA
"FBXW7",0.119942389482898,NA,NA,-0.058108202579751,NA,NA,NA,NA,NA,NA
"FGFR1OP",-0.144863470496079,0.0690304148967152,0.0545930257791187,0.0462774452166114,NA,NA,NA,NA,NA,-0.0383877038032347
"FGFR3",-0.0397825709930148,0.030165041037329,0.0221981333492041,0.022664933044549,NA,NA,NA,NA,0.0145113369386559,-0.0139639961483284
"FGFR4",-0.0661515549545078,0.0498013614032304,0.0368929521914918,0.0283525842630114,NA,NA,0.0228050545153602,NA,NA,NA
"FIP1L1",-0.23345331461597,0.176326170970029,0.119701249004372,0.119847993635121,NA,NA,NA,NA,NA,NA
"FNBP1",-0.0906344361930205,NA,NA,NA,NA,NA,NA,-0.0398482564523299,NA,-0.0538291271471909
"FOXO1",0.0615078619581528,-0.034653000941625,-0.025228753272145,-0.0258035724915075,NA,NA,NA,0.0153199949017197,-0.0204943656624757,0.0261614331920555
"FOXO3",NA,NA,NA,NA,NA,NA,NA,NA,NA,0.0438346216839209
"FUS",-0.145153519798409,NA,NA,NA,NA,NA,NA,NA,NA,-0.0536739441096478
"GATA3",NA,NA,NA,NA,NA,NA,NA,NA,-0.0121439827908867,0.0145663709309482
"GOPC",-0.117730250523758,NA,NA,NA,NA,NA,NA,NA,NA,NA
"GPHN",NA,0.0308932442344959,0.0308250847266739,0.02408280479358,0.0113750190918588,0.0138040035142595,0.0213087798310692,NA,0.0138143165576229,NA
"H3F3B",NA,0.0429694543785637,NA,NA,NA,NA,NA,NA,NA,NA
"HIF1A",0.0669193567363644,NA,NA,NA,NA,NA,NA,NA,NA,0.0243743160634368
"HLA.A",0.100558233527827,NA,-0.0533439609020267,-0.0525208041734019,NA,NA,-0.0414342014829589,NA,-0.0337541259823915,NA
"HNRNPA2B1",-0.183721666132509,NA,NA,NA,NA,NA,NA,NA,NA,-0.081283055069318
"HOXB.AS3",NA,NA,NA,NA,NA,NA,NA,-0.00917318033656644,NA,-0.0093919306405017
"HSP90AA1",-0.129920628722159,NA,NA,0.0542621004904501,NA,NA,NA,NA,NA,-0.0510404164709055
"IDH1_x",NA,-0.0349041835485623,NA,NA,NA,-0.0241912672659349,NA,NA,NA,-0.0218556369695972
"IDH2_x",-0.142303980189396,0.0944468029581412,0.0685048240954526,0.0639088140244286,NA,NA,0.0457267571641909,NA,NA,NA
"IKBKB",NA,NA,NA,NA,NA,NA,NA,NA,NA,NA
"IRX3",-0.0167674533377804,0.0103132987088872,0.00895177344362001,NA,NA,NA,NA,-0.00698736290477477,0.0071521665961489,-0.00856744432599235
"KDM5C_x",-0.153187460409371,0.119938603536225,0.09992492468925,0.07185163139894,NA,NA,NA,NA,NA,NA
"KDSR",-0.124473180468248,NA,NA,NA,NA,NA,NA,NA,NA,-0.0428674770534184
"KEAP1",-0.122220231173464,NA,NA,0.0615806664269894,NA,NA,NA,NA,NA,NA
"KIAA1549_x",-0.0395391543648149,NA,NA,NA,NA,NA,NA,NA,NA,-0.014988498423648
"KIT_x",-0.0292811343727413,NA,NA,NA,NA,NA,NA,NA,NA,NA
"KRAS_x",NA,NA,NA,NA,NA,NA,NA,NA,NA,NA
"LYL1",NA,NA,NA,NA,NA,NA,NA,NA,NA,NA
"M3",NA,NA,NA,NA,NA,0.231068804738825,NA,0.242926940948363,NA,0.245991655235585
"M7",-0.442869071041842,0.342003436990711,0.267226836905149,0.217748985606515,NA,NA,NA,-0.209031858373228,0.184827131559296,-0.260823556091584
"MDFI",-0.0221973740478823,0.01702048848687,0.0143942672047046,0.0146411784246613,0.00594935529829128,NA,0.0100367844246024,NA,NA,-0.00765297835437102
"MDM2",0.0860520091621027,NA,NA,NA,NA,NA,NA,NA,NA,NA
"MED12",-0.16354763363429,0.0839844046218823,0.0653271225217765,0.0731437450100067,NA,NA,NA,NA,NA,-0.0459356453269355
"MLLT10",-0.15120606356738,0.0942858197677982,0.0794353885096707,0.0679435373004726,NA,NA,NA,NA,NA,-0.0577661775976714
"MLLT6",-0.131583895492422,0.0801697583894022,0.0580381718264541,NA,NA,NA,NA,NA,NA,-0.0416856142993164
"MSH2_x",-0.0999764377962245,0.0420776194584912,NA,0.0505903765852026,NA,NA,0.0310357340190159,NA,NA,NA
"MSH6",-0.0920247820652999,0.0555773417089302,0.0502248383316577,0.0575294726986408,NA,NA,0.0380675663406371,NA,NA,NA
"MTOR",-0.190930793987204,NA,NA,NA,NA,NA,NA,NA,0.0631658699195469,NA
"MUTYH",-0.146759678618741,0.0953789027246763,NA,NA,NA,NA,NA,NA,NA,NA
"MYB_x",-0.0903878675602331,0.0496876409096777,0.0416679438616005,0.041693770489692,0.0191443015142312,NA,0.0308968783279253,NA,0.0216911210092089,NA
"MYC_x",NA,NA,NA,NA,NA,NA,NA,NA,NA,NA
"MYCN",-0.0168512007401184,0.0143433207532889,0.0107708326888444,0.0098605084958041,NA,NA,NA,NA,NA,NA
"N4BP2",-0.115037133490664,0.091361770249485,0.0699877886021158,0.0451451036431582,NA,NA,NA,NA,0.0351412033733346,-0.0348793708208745
"NACA",-0.123998325871381,0.0935066764208561,0.0668656274614355,NA,NA,NA,NA,NA,NA,NA
"NBN",NA,NA,NA,NA,NA,NA,NA,0.0485269429577461,NA,0.0552299350279891
"NCOA1",0.16751358194535,NA,NA,NA,NA,NA,NA,NA,-0.0649268624250113,NA
"NCOR1",NA,NA,NA,NA,NA,NA,NA,NA,NA,NA
"NFATC2",NA,NA,NA,NA,NA,NA,NA,NA,NA,NA
"NFE2L2",NA,NA,NA,NA,NA,NA,NA,NA,NA,NA
"NFKB2",0.0749098141151638,NA,NA,-0.0294374067380051,NA,NA,NA,NA,NA,0.0242220593747593
"NFKBIE",NA,NA,NA,NA,NA,NA,NA,NA,NA,NA
"NPM1",NA,NA,NA,NA,NA,NA,NA,NA,NA,NA
"NRG1",0.0246347235667826,NA,NA,-0.0127414311768435,NA,NA,NA,NA,NA,NA
"NTHL1",-0.0546238249424296,NA,NA,NA,NA,NA,NA,NA,NA,-0.0259626132568158
"NUMA1",-0.244400178448237,0.121025445294056,0.0895999832585503,0.107119125682088,NA,NA,NA,NA,NA,-0.0736487427341645
"NUTM2B",-0.0555674583179901,0.038056181198604,NA,NA,NA,NA,NA,NA,NA,NA
"P2RY8",-0.0513684980476867,NA,NA,NA,NA,NA,NA,NA,NA,NA
"PCM1",-0.183772235050381,0.0924557255901294,0.0867138815295208,0.0827452384771948,NA,NA,0.0687149395911576,NA,0.0591526890259092,NA
"PHACTR3",NA,NA,NA,NA,NA,NA,NA,NA,NA,NA
"PHF6_x",-0.089222740698629,NA,NA,NA,NA,NA,NA,NA,NA,NA
"PIEZO2",-0.0147594177951815,0.0133767555156249,0.0111985306578443,0.0112998792509724,NA,NA,0.00848767984010441,NA,NA,NA
"PIK3R1",NA,0.0520484949184754,NA,NA,NA,NA,NA,NA,NA,NA
"PMS2",-0.181688134307702,NA,NA,NA,NA,NA,NA,NA,NA,-0.0648700566381292
"POLG",-0.181454530551534,NA,NA,NA,NA,NA,NA,NA,NA,-0.0703341022122847
"POT1",NA,NA,NA,NA,NA,NA,NA,NA,NA,NA
"PPARG",0.0240402715997594,NA,NA,NA,NA,NA,NA,NA,NA,NA
"PPFIBP1",-0.0435309655693603,0.032791023761901,NA,0.0278170285729363,NA,NA,NA,NA,NA,-0.0220498760068536
"PPP6C",0.194011677511401,NA,NA,NA,NA,NA,NA,NA,NA,0.0768665731560759
"PRDM1",0.03759439224955,NA,NA,NA,NA,NA,NA,NA,NA,NA
"PRKCB",NA,-0.0896911118466446,-0.0819361991250932,-0.0508800424836893,NA,-0.0370398199250304,-0.0492770360118076,NA,-0.0359890046932565,NA
"Progenitor.like",-1.27974579369625,0.714928526617171,NA,NA,NA,NA,NA,NA,NA,-0.508032640150997
"PROM1",NA,NA,NA,NA,NA,NA,NA,NA,NA,NA
"Promono.like",0.542439593330364,NA,NA,NA,NA,NA,NA,NA,NA,NA
"PRPF40B",-0.0984249674552386,0.0445505627120411,0.0403044659584373,0.0427985586542555,NA,NA,0.0342153042729155,NA,0.0349495224489606,-0.0264168681774115
"PTPN11_x",-0.137268234091419,NA,NA,0.104322538731629,NA,NA,0.0738171878087854,NA,NA,NA
"QKI",0.143955179887947,-0.108365467455828,-0.0816868849554559,-0.0761835271114935,NA,-0.0490277949917882,NA,NA,NA,NA
"RABEP1",NA,NA,NA,NA,NA,NA,NA,NA,NA,NA
"RAF1",0.189822960028063,NA,NA,NA,NA,NA,NA,NA,NA,0.0719088487121792
"RBM10",-0.236936635759625,0.120021784463905,0.091783885197829,0.0926325016040436,NA,NA,NA,NA,NA,-0.0811312670946876
"REL",0.0846043780772822,NA,NA,NA,NA,NA,NA,NA,NA,NA
"RHOA",0.215701425578787,-0.120572911419482,-0.09770726252506,-0.0916532605125044,NA,NA,-0.0758348670494058,NA,NA,NA
"RHOH",NA,0.0292739295151333,NA,NA,NA,0.0151395227828137,NA,NA,NA,NA
"RP11.114I8.4",-0.0686311455502259,NA,NA,NA,NA,NA,NA,NA,NA,NA
"RPL10",-0.122762421490001,0.0974351082240896,0.0666581694821634,NA,NA,NA,NA,NA,NA,NA
"RPL5",-0.147183313006947,0.0976956883148925,NA,NA,NA,NA,NA,NA,NA,NA
"SDC4",0.0313984909842793,NA,NA,NA,NA,NA,NA,NA,NA,NA
"SDHAF2",NA,NA,NA,NA,NA,NA,NA,NA,NA,0.0545136385916054
"SDHB",0.177283436959397,-0.126907052092529,-0.095598712504579,-0.0869273352292174,NA,NA,NA,NA,NA,0.0563344113802451
"SEPT5",NA,NA,NA,NA,NA,NA,NA,0.0172472470714071,NA,0.0148281015998878
"SEPT6",-0.102410676166442,0.0583882047545553,0.0393456098897108,0.0389949595101038,NA,NA,NA,NA,NA,-0.0311911710345773
"SET",-0.206862071232058,0.107320704188114,0.0742438208555661,0.0895484542557285,NA,NA,NA,NA,NA,-0.0592990914856323
"SETBP1_x",0.031776092789396,NA,NA,NA,NA,NA,NA,0.0140011324972105,-0.0125956296584008,0.0197318348701183
"SETDB1",-0.147549275969608,NA,NA,NA,NA,NA,NA,NA,NA,NA
"SF3B1_x",-0.195759835140596,0.126397791136909,NA,NA,NA,NA,NA,NA,NA,-0.0784787964893005
"SH2B3",0.0738226229932852,-0.0473563826985106,-0.0406065025480711,-0.0363547469885869,NA,NA,NA,NA,NA,NA
"SH3GL1",0.103920556792729,NA,NA,NA,NA,NA,NA,NA,NA,0.0536957316707759
"SMAD3",NA,NA,NA,NA,NA,NA,NA,NA,NA,NA
"SMAD4",NA,0.0945600750843138,NA,NA,NA,NA,NA,NA,NA,NA
"SMARCA4",-0.215171784141933,0.109468340361321,0.0917965256750615,0.107394341287616,NA,NA,0.0660682670929173,NA,0.0531633571171957,-0.0577177612126415
"SMARCE1",-0.130268568967992,0.139880060318874,0.0954513920089351,0.0783023434288864,NA,NA,NA,NA,0.0578776712628074,NA
"SPOP",NA,NA,NA,NA,NA,NA,NA,NA,NA,-0.058912501126236
"SRGAP3",-0.0381445522919716,0.0247687506944828,0.022865789010656,0.0158031100925178,0.00881137886662487,NA,0.0158620964333742,NA,0.0165321562937346,NA
"SRSF2_x",-0.197420370347241,0.135412054856269,0.0936410342283608,0.0784561339983216,NA,NA,NA,NA,NA,-0.0556484766246677
"SRSF3",-0.157406640198049,0.137683183811275,0.0993044605869387,0.0791736757230125,NA,NA,NA,NA,NA,NA
"SS18",NA,NA,NA,NA,NA,NA,NA,NA,NA,-0.071268506668554
"STRN",0.184578741951139,NA,NA,NA,NA,NA,NA,0.0783094731412527,NA,0.0923270513806296
"SYK",0.0922500518336935,-0.0814533369046534,-0.0649233643793773,-0.0426831469843323,NA,-0.0333057632130374,-0.0373472415713033,NA,NA,NA
"TAF15",NA,NA,NA,NA,NA,NA,NA,NA,NA,-0.0621625708164204
"TCF12",-0.198334916098675,0.115570941629799,NA,0.0905627387668096,NA,NA,NA,NA,NA,NA
"TCF7L2",0.073281848552706,-0.0344738976598265,NA,-0.0271011378572684,NA,NA,NA,NA,-0.0228051388150856,0.0229030138556359
"TEC",-0.0824822603142766,0.0520375234857671,0.0335566909911682,NA,NA,NA,NA,NA,NA,-0.0304084597382166
"TERT",-0.0263523327323261,NA,NA,NA,NA,NA,NA,NA,NA,NA
"TFE3",0.171920099366633,NA,NA,-0.0676316243878652,NA,NA,NA,NA,NA,NA
"TFPT",-0.152566619212187,NA,NA,NA,NA,NA,NA,NA,NA,-0.0834995518396313
"TGFBR2",0.112900393642636,-0.0648084624753907,-0.0526196999696059,-0.0483758538630905,-0.0257345482465225,NA,-0.044857838977195,NA,-0.0355557776890818,NA
"THBS1",0.0241397047505316,NA,NA,-0.00910767321990141,NA,NA,NA,NA,NA,NA
"TMEM127",0.168496490659886,-0.107398763115459,-0.081426734466377,-0.083345866936242,NA,NA,-0.0566996674380666,NA,NA,NA
"TNFAIP3",0.0361432334340547,NA,NA,NA,NA,NA,NA,NA,NA,NA
"TPM4",-0.0529407752799003,0.0363890954308618,NA,0.0293142490017302,NA,NA,NA,NA,NA,NA
"TPR",-0.18477800362905,NA,NA,NA,NA,NA,NA,NA,NA,-0.0771718640534876
"TRIM24",-0.101300481650521,0.0614819368977889,NA,0.0491425711733123,NA,NA,NA,NA,NA,NA
"TRIP11",NA,NA,NA,NA,NA,NA,NA,NA,NA,NA
"TRRAP_x",-0.237849009995577,0.127606516883584,0.0932488763550977,0.0934946613394898,NA,NA,NA,NA,NA,-0.0645673851230936
"TSC1",NA,NA,NA,NA,NA,NA,NA,NA,NA,NA
"TSC2",-0.243029630511149,NA,NA,NA,NA,NA,NA,NA,NA,-0.10082861316964
"Tsne2",0.00538917547253642,NA,NA,NA,NA,NA,NA,NA,NA,NA
"USP44",-0.0210014197277457,0.0176329954545604,0.0154436476168116,NA,NA,NA,NA,NA,0.00840707261690011,-0.00872760284282154
"USP8",0.202032681701685,-0.111376629398524,-0.0968837053960254,-0.108854360145926,NA,NA,-0.0778518002244216,NA,NA,0.0554945885690287
"VAV1",NA,-0.0753504442476856,NA,NA,NA,NA,NA,NA,NA,NA
"VTI1A",NA,NA,NA,NA,NA,NA,NA,NA,NA,NA
"WNK2",0.0299138848886507,NA,NA,NA,NA,NA,NA,NA,NA,0.0157412835703149
"WT1.AS",-0.0230334335320167,NA,NA,NA,NA,NA,NA,-0.00814491010685612,NA,-0.0114764176282073
"WT1_x",-0.0242149497259243,0.0151473283887218,NA,0.0102538395463348,NA,NA,NA,NA,NA,-0.0119155848531983
"X..Neutrophils.in.PB",NA,NA,NA,NA,NA,NA,NA,NA,NA,NA
"X.HM..Apoptosis",4.54732801867389,-2.33346540295427,-1.98261383686939,-2.07752775577166,-0.925461484694944,NA,-1.5972793656435,NA,-1.31448939091414,NA
"X.HM..DNA.repair",-5.57899087133787,NA,NA,2.3237277209858,NA,NA,NA,NA,NA,-1.86603464962218
"X.HM..KRAS.signaling.down",3.51344084592821,NA,NA,NA,NA,NA,NA,NA,NA,1.37529923892242
"X.HM..Mitotic.spindle",NA,NA,NA,NA,NA,NA,NA,1.20833214696647,NA,NA
"X.HM..Myc.targets",-3.72782322983805,1.729767848461,NA,1.60015471928564,NA,NA,NA,NA,NA,NA
"X.HM..Notch.signaling",3.25559162565454,-1.85297240941073,-1.28880441268853,-1.24300355254485,NA,NA,-0.872339463743051,NA,-0.717675739089561,0.889677656019688
"X.HM..p53.pathway",5.24052857828143,-2.33581323195372,-1.81395671116161,-2.09874953970579,NA,NA,-1.30071905413647,NA,-1.07239161117107,1.40993691432998
"X.HM..Reactive.oxigen.species.pathway",4.89953499141996,-3.02640699971987,-2.42220705943791,NA,NA,NA,NA,NA,NA,NA
"X.HM..TGF.beta.signaling",2.78200002087632,NA,NA,NA,NA,NA,NA,NA,NA,1.05693270034847
"X.HM..UV.response.up",5.78711734893063,-2.29566034884191,NA,NA,NA,NA,NA,NA,NA,1.82096635991032
"X.IPA..EGF.Signaling",4.86536141709384,-3.50258719478054,-3.03269814068274,-2.93895929278918,NA,NA,-2.34554368650848,NA,-1.66985385365378,NA
"X.IPA..ERK5.Signaling",5.09398149343817,-2.90460024751489,-2.41749406853066,-2.44131492939897,-1.14841346903791,NA,-1.80915527781533,NA,-1.48950429830241,1.38301074599095
"X.IPA..Estrogen.Dependent.Breast.Cancer.Signaling",6.25533780268641,-3.59991568146326,-3.01913180910789,-2.67919502971001,NA,NA,-2.2776950280808,NA,NA,NA
"X.IPA..HER.2.Signaling.in.Breast.Cancer",4.69292291954865,-3.5662163492666,-2.91248939830596,-2.85069951381818,-1.43345363504659,NA,-2.15784291041964,NA,NA,NA
"X.IPA..mTOR.Signaling",8.92225657889689,-5.72514383735122,-5.33559612796676,-4.98531454000009,-2.39792206681373,NA,-3.91655945839769,NA,-2.65966899386246,2.90415882156516
"X.IPA..UVB.Induced.MAPK.Signaling",NA,-2.65692159795022,-2.46551931010419,NA,NA,NA,NA,NA,NA,NA
"X.TBI..MAPK.up.genes",1.98141802334796,-1.2147839645438,NA,-1.04216209910967,NA,NA,NA,NA,-0.727757993192699,NA
"X.TPW..PI3Kgamma.Signature",0.705652854081038,NA,NA,NA,NA,NA,NA,NA,NA,NA
"XPO1",-0.121924766350083,NA,NA,NA,NA,NA,NA,NA,NA,-0.0527821665873649
"ZCCHC8",NA,NA,NA,NA,NA,NA,NA,NA,NA,NA
"ZMYM2",NA,0.0834114764969009,0.0766006185278796,NA,NA,NA,NA,NA,NA,NA
"ZMYM3",-0.12250282116391,0.0463999432742319,NA,0.0485800736784858,NA,NA,NA,NA,NA,-0.0353398468933059
